,ApplicantIncome,CoapplicantIncome,LoanAmount,Loan_Amount_Term,Credit_History
count,392.0,392.0,392.0,392.0,392.0
mean,5539.566326530612,1433.9025509892856,146.82142857142858,339.94897959183675,0.8775510204081632
std,6784.861832613915,1808.8468578947054,86.3838086917455,68.9816125022187,0.3282225594640865
min,150.0,0.0,17.0,12.0,0.0
25%,3012.25,0.0,100.0,360.0,1.0
50%,3893.5,1063.5,126.0,360.0,1.0
75%,5804.75,2236.5,168.0,360.0,1.0
max,81000.0,11300.0,700.0,480.0,1.0
